id;name;phone;email;is_active;created_by;created_on;updated_by;updated_on
1;elegantly snoop row;26902;Lelah.Hane@hotmail.com;true;rewrite;2025-04-21T02:03:37;finally make;2025-04-20T08:12:16
2;soupy;27398;Abe.Mraz47@yahoo.com;false;under;2025-04-20T15:24:37;brr ah anti;2025-04-21T06:17:55
3;atop;16546;Aimee.Kunze-Reinger@gmail.com;true;those;2025-04-21T04:40:11;subsidy;2025-04-20T15:02:49
4;yahoo mmm;1613;Cristopher11@yahoo.com;false;please;2025-04-20T11:57:59;huzzah ultimate and;2025-04-20T18:53:27
5;igloo;20637;Edwardo.Ryan13@hotmail.com;true;tectonics extricate;2025-04-21T04:51:03;retool longingly;2025-04-20T17:56:15
6;until;21963;Gilbert_Braun@gmail.com;false;athletic armoire remand;2025-04-20T11:45:07;zowie underplay;2025-04-20T10:20:07
7;teeming ouch following;31572;Pearline_Bernhard@yahoo.com;true;despite duh;2025-04-20T10:08:43;internal impossible without;2025-04-20T18:44:09
8;as uselessly so;12146;Casper.Mante45@gmail.com;true;squirm;2025-04-20T13:47:10;brochure geez on;2025-04-20T22:52:58
9;concrete dally;8723;Audie.Cassin@hotmail.com;false;antagonize;2025-04-20T11:33:43;grandson psst sans;2025-04-20T09:21:17
10;terraform whenever;13844;Adrian.Ryan@hotmail.com;true;quiet pasta after;2025-04-20T10:05:36;tremendously;2025-04-20T20:20:59
