id;name;phone;email;registration_no;rmo_hourly_rate;type;is_active;created_by;created_on;updated_by;updated_on
1;wheel kick;15553;Kiel_Lockman93@gmail.com;restfully ha;4091.95;Doctor;false;atop scarcely hippodrome;2025-04-20T22:35:28;gown fireplace;2025-04-21T00:51:01
2;gee beneath however;3888;Dayton_Hickle-Flatley89@gmail.com;critical over;12424.1;Technician;true;worth please;2025-04-20T13:41:44;store duh warmly;2025-04-20T08:26:50
3;glass woot;26556;Kaia_Stiedemann@gmail.com;suspiciously without violently;24455.97;Doctor;true;elegantly coaxingly pant;2025-04-21T03:25:58;but instead;2025-04-20T15:49:44
4;phew whereas boo;815;Florida39@yahoo.com;mushy;10714.7;Nurse;false;limply violently metabolise;2025-04-20T08:33:44;inasmuch finally;2025-04-20T22:54:48
5;gadzooks throughout;4073;Efren35@gmail.com;doubter;6668.11;RMO;false;with;2025-04-20T15:11:39;uncork during;2025-04-20T22:09:39
6;since qualified coast;27575;Gianni_Hane@gmail.com;into lounge;26868.88;Technician;false;cutover seemingly entry;2025-04-21T06:31:30;oh joshingly provider;2025-04-20T10:34:05
7;normal premier;17536;Lucius38@hotmail.com;short huzzah;13032.26;Nurse;false;merrily anenst dual;2025-04-21T00:55:36;likable supposing;2025-04-20T21:49:29
8;that under athletic;23216;Roxane.Kiehn@hotmail.com;armoire violently;4002.92;Doctor;false;savour;2025-04-21T03:19:01;experienced sedately;2025-04-20T17:29:04
9;needily starboard;29040;Thea27@yahoo.com;afore that;24355.83;Technician;true;challenge;2025-04-21T00:22:31;commonly;2025-04-21T01:39:53
10;where ugh;16001;Wilfrid_Conn@yahoo.com;until hmph;18244.22;Technician;true;instead sightseeing;2025-04-20T20:52:57;nor snappy;2025-04-20T08:40:06
