id;frequency;is_active;created_by;created_on;updated_by;updated_on
1;baa valentine;false;into massage;2025-04-20T10:38:45;scarily frightfully below;2025-04-20T12:25:50
2;skeletal openly;false;aw;2025-04-21T01:39:55;yuck inside;2025-04-20T18:36:35
3;hm;false;strictly healthily;2025-04-20T12:27:20;gaseous;2025-04-21T01:25:46
4;anenst faint;false;iterate tensely;2025-04-20T18:11:45;festival;2025-04-20T21:08:37
5;naturally effector;true;devastation;2025-04-20T23:10:35;thoughtfully;2025-04-21T05:47:46
6;typewriter;true;slowly around;2025-04-20T16:52:11;vamoose;2025-04-21T04:35:35
7;fast;true;pish whenever;2025-04-20T14:17:24;hmph wrong wherever;2025-04-21T04:44:29
8;gosh justly;true;whether even boss;2025-04-20T15:16:03;which down;2025-04-21T02:02:56
9;convince;true;brr replicate whoever;2025-04-21T03:31:44;misreport;2025-04-21T02:58:08
10;tankful;true;oh fervently;2025-04-20T17:46:15;neglect dreamily;2025-04-20T16:23:03
