id;name;phone;email;registration_no;is_active;created_by;created_on;updated_by;updated_on
1;beneath instead;17783;Maritza79@hotmail.com;unused unearth;false;redound while concrete;2025-04-20T18:16:20;peter inside slip;2025-04-20T07:54:16
2;gadzooks record;161;Jettie_Cruickshank-Quitzon@yahoo.com;halt flawless out;false;premium eventually round;2025-04-20T14:07:35;unlike;2025-04-20T11:44:20
3;absent if aware;21697;Jordane.Douglas@hotmail.com;nightlife accredit;true;toothbrush fledgling brightly;2025-04-20T13:22:59;while downright;2025-04-20T23:45:04
4;when;30756;Cullen99@hotmail.com;bulky midst;false;via amid unwelcome;2025-04-20T18:15:03;atop;2025-04-20T10:02:37
5;yowza alligator;8522;Orval.Rice10@hotmail.com;overload;true;spattering;2025-04-20T23:30:55;about rudely clearly;2025-04-21T02:01:51
6;cheerful as;17732;Prudence_Olson@yahoo.com;till underachieve except;false;yawn;2025-04-20T17:54:23;duh slip;2025-04-21T05:47:08
7;actually gee;29661;Reilly.Botsford@yahoo.com;provided;true;at during optimistic;2025-04-20T19:27:14;hmph underneath innovate;2025-04-20T09:30:17
8;by;7357;Patsy.Kiehn-Tromp@gmail.com;aside fast whoa;true;pish consequently judgementally;2025-04-21T06:09:25;rebound;2025-04-20T13:18:15
9;wrathful fuss commandeer;15905;Domingo_Mosciski@yahoo.com;where next;true;shush;2025-04-20T22:36:10;madly materialise soybean;2025-04-20T20:24:05
10;lazily;5516;Lawrence_Hessel93@yahoo.com;down unless;false;failing;2025-04-21T03:51:26;cafe madly rim;2025-04-20T12:21:38
